Neighborhood,ZIP Code(s)
Allerton,"10467, 10469"
Astoria,"11102, 11103, 11105, 11106"
Bath Beach,11214
Battery Park City,"10280, 10282"
Bay Ridge,"11209, 11220, 11228"
Baychester,"10469, 10475"
Bayside,"11360, 11361, 11364"
Bedford-Stuyvesant,"11205, 11206, 11216, 11221, 11233"
Bellerose,11426
Belmont,10458
Bensonhurst,"11204, 11214"
Boerum Hill,"11201, 11217"
Borough Park,"11204, 11218, 11219, 11230"
Brighton Beach,11235
Brooklyn Heights,11201
Brownsville,"11212, 11233"
Cambria Heights,11411
Canarsie,11236
Carroll Gardens,11231
Castle Hill,"10462, 10473"
Chelsea,"10001, 10011, 10018, 10019"
City Island,10464
Clason Point,10473
Clinton Hill,"11205, 11238"
Co-op City,10475
Cobble Hill,"11201, 11231"
College Point,11356
Coney Island,11224
Corona,"11368, 11369"
Country Club,10465
Crotona Park East,10460
Crown Heights,"11213, 11216, 11225, 11233"
Douglaston,"11362, 11363"
Dumbo,11201
Dyker Heights,11228
East Harlem,"10029, 10035"
East New York,"11207, 11208"
East Village,"10003, 10009"
Edenwald,"10466, 10470"
Elmhurst,11373
Financial District,"10004, 10005, 10006, 10007, 10038, 10280"
Flatbush,"11210, 11225, 11226"
Floral Park,11001
Flushing,"11354, 11355, 11358"
Fordham,10458
Fordham Heights,10468
Forest Hills,11375
Fort Greene,"11205, 11217"
Fort Hamilton,11209
Fresh Meadows,"11365, 11366"
Gerritsen Beach,11229
Glen Oaks,11004
Glendale,11385
Gowanus,"11215, 11217"
Gramercy Park,"10003, 10010, 10016"
Gravesend,11223
Greenpoint,11222
Greenwich Village,"10011, 10012, 10014"
Greenwood,11232
Harding Park,10473
Harlem,"10026, 10027, 10030, 10037, 10039"
High Bridge,10452
Homecrest,"11229, 11235"
Howard Beach,11414
Hunters Point,11101
Hunts Point,10474
Jackson Heights,11372
Jamaica,"11432, 11433, 11434, 11435, 11436"
Kew Gardens,11415
Little Neck,"11362, 11363"
Locust Point,10465
Long Island City,"11101, 11109"
Lower East Side,10002
Malba,11357
Manhattan Beach,11235
Marine Park,11234
Maspeth,11378
Mid Island,10314
Middle Village,11379
Midwood,"11210, 11230"
Morningside Heights,"10025, 10027"
Morris Heights,10453
Morris Park,"10461, 10462"
New Hyde Park,11040
NoHo,"10012, 10003"
Ocean Hill,11233
Ozone Park,"11416, 11417"
Park Slope,"11215, 11217"
Parkchester,10462
Pelham Bay,10461
Pelham Gardens,10469
Pelham Parkway,10462
Port Richmond,10302
Prospect Heights,11238
Prospect Park,11225
Queens Village,"11427, 11428, 11429"
Red Hook,11231
Rego Park,11374
Richmond Hill,"11418, 11419"
Ridgewood,11385
Riverdale,"10463, 10471"
Rockaway,"11691, 11692, 11693, 11694, 11695, 11697"
Rosedale,11422
Schuylerville,"10461, 10465"
Seagate,11224
Sheepshead Bay,"11229, 11235"
Soho,"10012, 10013"
Soundview,"10472, 10473"
South Shore,"10309, 10312, 10307"
South Street Seaport,10038
Springfield,11001
Springfield Gardens,11413
Stapleton,10304
Stuyvesant Heights,11233
Sunnyside,11104
Sunset Park,"11220, 11232"
Throggs Neck,10465
Tremont,"10453, 10457"
Tribeca,"10007, 10013"
Two Bridges,10002
Upper East Side,"10021, 10028, 10065, 10075, 10128"
Upper West Side,"10023, 10024, 10025"
Van Nest,10460
Vinegar Hill,11201
Wakefield,"10466, 10470"
Washington Heights,"10032, 10033, 10040"
West Farms,10460
Westchester Square,10461
Whitestone,11357
Williamsbridge,10467
Williamsburg,"11206, 11211, 11249"
Windsor Terrace,"11215, 11218"
Woodhaven,11421
Woodlawn,10470
Woodside,11377